journal_title,quartile,open_access,open_access_diamond,base_url
The Lancet Diabetes and Endocrinology,Q1,no,no,
Endocrine Reviews,Q1,no,no,
Nature Reviews Endocrinology,Q1,no,no,
Nature Metabolism,Q1,no,no,
Diabetes Care,Q1,no,no,
Bone Research,Q1,yes,no,
Endocrine Pathology,Q1,no,no,
Diabetologia,Q1,no,no,
Diabetes Technology and Therapeutics,Q1,no,no,
Metabolism: Clinical and Experimental,Q1,no,no,
Trends in Endocrinology and Metabolism,Q1,no,no,
Cardiovascular Diabetology,Q1,yes,no,
Journal of Biomedical Science,Q1,yes,yes,
Obesity Reviews,Q1,no,no,
Cytokine and Growth Factor Reviews,Q1,no,no,
Reviews in Endocrine and Metabolic Disorders,Q1,no,no,
Diabetes and Metabolism Journal,Q1,yes,no,
Diabetes,Q1,no,no,
"Diabetes, Obesity and Metabolism",Q1,no,no,
Journal of Clinical Endocrinology and Metabolism,Q1,no,no,
Current Diabetes Reports,Q1,no,no,
Journal of Bone and Mineral Research,Q1,no,no,
Best Practice and Research: Clinical Endocrinology and Metabolism,Q1,no,no,
Journal of Obesity and Metabolic Syndrome,Q1,yes,yes,
Thyroid,Q1,no,no,
Obesity,Q1,no,no,
European Journal of Endocrinology,Q1,no,no,
Diabetes/Metabolism Research and Reviews,Q1,no,no,
Endocrinology and Metabolism Clinics of North America,Q1,no,no,
Endocrine-Related Cancer,Q1,no,no,
Diabetes and Metabolism,Q1,no,no,
Journal of Lipid and Atherosclerosis,Q1,yes,yes,
International Journal of Obesity,Q1,no,no,
BMJ Open Diabetes Research and Care,Q1,yes,no,
Diabetes Research and Clinical Practice,Q1,no,no,
Nutrition and Diabetes,Q1,yes,no,
Endocrinology and Metabolism,Q1,yes,yes,
Current Osteoporosis Reports,Q1,no,no,
Frontiers in Endocrinology,Q1,yes,no,
Osteoporosis International,Q1,no,no,
Psychoneuroendocrinology,Q1,no,no,
Diabetic Medicine,Q1,no,no,
Journal of Diabetes Science and Technology,Q1,no,no,
American Journal of Physiology - Endocrinology and Metabolism,Q1,no,no,
Therapeutic Advances in Endocrinology and Metabolism,Q1,yes,no,
Current Opinion in Lipidology,Q1,no,no,
Journal of Neuroendocrinology,Q1,no,no,
Journal of Nutritional Biochemistry,Q1,no,no,
Journal of Clinical Lipidology,Q1,no,no,
Bone,Q1,no,no,
Nutrition and Metabolism,Q1,yes,no,
Lipids in Health and Disease,Q1,yes,no,
Calcified Tissue International,Q1,no,no,
Journal of Endocrinological Investigation,Q1,no,no,
Pediatric Diabetes,Q1,no,no,
Journal of Endocrinology,Q1,no,no,
Endocrine Practice,Q1,no,no,
Immunometabolism (United States),Q1,no,no,
Obesity Pillars,Q1,yes,no,
Diabetology and Metabolic Syndrome,Q1,yes,no,
Obesity Surgery,Q1,no,no,
Journal of Diabetes Investigation,Q1,yes,no,
JBMR Plus,Q2,yes,no,
Clinical Diabetes,Q2,no,no,
Diabetes and Vascular Disease Research,Q2,yes,no,
Pancreatology,Q2,no,no,
Frontiers in Nutrition,Q2,yes,no,
Journal of Diabetes,Q2,yes,no,
European Thyroid Journal,Q2,yes,no,
"Nutrition, Metabolism and Cardiovascular Diseases",Q2,no,no,
Neuroendocrinology,Q2,no,no,
Pituitary,Q2,no,no,
Andrology,Q2,no,no,
Acta Diabetologica,Q2,no,no,
Diabetes Therapy,Q2,yes,no,
Journal of Diabetes Research,Q2,yes,no,
Canadian Journal of Diabetes,Q2,no,no,
Journal of Diabetes and its Complications,Q2,no,no,
Journal of Obesity,Q2,yes,no,
Nutrition Research,Q2,no,no,
Genes and Nutrition,Q2,yes,no,
Clinical Endocrinology,Q2,no,no,
Metabolites,Q2,yes,no,
Diabetes and Metabolic Syndrome: Clinical Research and Reviews,Q2,no,no,
Journal of the Endocrine Society,Q2,yes,no,
Endocrine,Q2,no,no,
Nutrition,Q2,no,no,
JMIR Diabetes,Q2,yes,no,
BMC Endocrine Disorders,Q2,yes,no,
Expert Review of Endocrinology and Metabolism,Q2,no,no,
Molecular Genetics and Metabolism,Q2,no,no,
Journal of Sexual Medicine,Q2,no,no,
Endocrine Connections,Q2,yes,no,
Diabetes Spectrum,Q2,no,no,
Metabolic Engineering Communications,Q2,yes,no,
Obesity Research and Clinical Practice,Q2,no,no,
Sexual Medicine Reviews,Q2,no,no,
Hormone Research in Paediatrics,Q2,no,no,
Discover Oncology,Q2,yes,no,
"Endocrinology, Diabetes and Metabolism",Q2,yes,no,
Sexual Development,Q2,no,no,
Journal of Bone and Mineral Metabolism,Q2,no,no,
touchREVIEWS in Endocrinology,Q2,no,no,
Metabolomics,Q2,no,no,
Science of Diabetes Self-Management and Care,Q2,no,no,
Primary Care Diabetes,Q2,no,no,
Clinical Medicine Insights: Endocrinology and Diabetes,Q2,yes,no,
Annals of Pediatric Endocrinology and Metabolism,Q2,yes,yes,
Vascular Health and Risk Management,Q2,yes,no,
"Current Opinion in Endocrinology, Diabetes and Obesity",Q2,no,no,
Journal of Clinical Hypertension,Q2,yes,no,
Clinical Obesity,Q2,no,no,
Biological Trace Element Research,Q2,yes,no,
Clinical Nutrition ESPEN,Q2,no,no,
Childhood Obesity,Q2,no,no,
Obesity Science and Practice,Q2,yes,no,
Hormones,Q2,no,no,
Life Metabolism,Q2,yes,yes,
"Applied Physiology, Nutrition and Metabolism",Q2,no,no,
Review of Diabetic Studies,Q2,no,no,
Comprehensive Psychoneuroendocrinology,Q2,yes,no,
Annales d'Endocrinologie,Q2,no,no,
Bone Reports,Q2,yes,no,
Frontiers in Clinical Diabetes and Healthcare,Q2,yes,no,
Endocrine Journal,Q2,yes,no,
Pancreas,Q3,no,no,
Journal of Nutrition and Metabolism,Q3,yes,no,
Journal of Clinical and Translational Endocrinology,Q3,yes,no,
Journal of Steroid Biochemistry and Molecular Biology,Q3,no,no,
Current Opinion in Endocrine and Metabolic Research,Q3,no,no,
Nutrition and Metabolic Insights,Q3,yes,no,
Metabolism and Target Organ Damage,Q3,no,no,
US Endocrinology,Q3,no,no,
Current Diabetes Reviews,Q3,no,no,
Gynecological Endocrinology,Q3,yes,no,
Journal of Nutritional Science,Q3,yes,no,
International Journal of Endocrinology,Q3,yes,no,
Diabetology,Q3,yes,no,
BMC Nutrition,Q3,yes,no,
Sexual Medicine,Q3,yes,no,
Seminars in Reproductive Medicine,Q3,no,no,
American Journal of Medicine Open,Q3,yes,no,
Journal of Clinical Densitometry,Q3,no,no,
Human Nutrition and Metabolism,Q3,yes,no,
Archives of Endocrinology and Metabolism,Q3,yes,yes,
Journal of Bone Metabolism,Q3,no,no,
JCRPE Journal of Clinical Research in Pediatric Endocrinology,Q3,yes,no,
International Journal for Vitamin and Nutrition Research,Q3,no,no,
Przeglad Menopauzalny,Q3,yes,no,
Minerva Endocrinology,Q3,no,no,
International Journal of Endocrinology and Metabolism,Q3,yes,no,
Islets,Q3,yes,no,
Journal of Thyroid Research,Q3,yes,no,
Experimental and Clinical Endocrinology and Diabetes,Q3,no,no,
Growth Hormone and IGF Research,Q3,no,no,
Frontiers of Hormone Research,Q3,yes,no,
Hormone and Metabolic Research,Q3,no,no,
"Endocrine, Metabolic and Immune Disorders - Drug Targets",Q3,no,no,
Journal of Diabetes and Metabolic Disorders,Q3,yes,no,
Journal of Musculoskeletal Neuronal Interactions,Q3,no,no,
Metabolic Syndrome and Related Disorders,Q3,no,no,
Endokrynologia Polska,Q3,yes,no,
Diabetes Epidemiology and Management,Q3,yes,no,
Thyroid Research,Q3,yes,no,
JIMD Reports,Q3,yes,no,
Journal of Osteoporosis,Q3,yes,no,
Clinical Pediatric Endocrinology,Q3,yes,no,
Lifestyle Medicine,Q3,yes,no,
"Endocrinologia, Diabetes y Nutricion",Q3,no,no,
Clinical Nutrition Open Science,Q3,yes,no,
Journal of Pediatric Endocrinology and Metabolism,Q3,no,no,
Endocrine and Metabolic Science,Q3,yes,no,
Endocrine Regulations,Q3,yes,no,
Obesity Medicine,Q3,no,no,
Diabetology International,Q3,no,no,
Endocrines,Q3,yes,no,
Mediastinum,Q3,no,no,
Hormone Molecular Biology and Clinical Investigation,Q3,no,no,
Clinical and Translational Metabolism,Q3,no,no,
Obesities,Q3,yes,no,
Indian Journal of Endocrinology and Metabolism,Q3,yes,yes,
"Pediatric Endocrinology, Diabetes and Metabolism",Q3,yes,no,
Journal of Pancreatology,Q3,yes,yes,
Cardiovascular Endocrinology and Metabolism,Q3,yes,no,
AACE Clinical Case Reports,Q3,yes,no,
Minerva Gastroenterology,Q3,no,no,
Journal of the ASEAN Federation of Endocrine Societies,Q3,yes,yes,
WSEAS Transactions on Mathematics,Q4,no,no,
"Endocrinology, Diabetes and Metabolism Case Reports",Q4,yes,no,
Practical Diabetes,Q4,no,no,
Mediterranean Journal of Nutrition and Metabolism,Q4,no,no,
Case Reports in Endocrinology,Q4,yes,no,
International Journal of Diabetes in Developing Countries,Q4,no,no,
Diabetes Mellitus,Q4,yes,yes,
Problemy Endokrinologii,Q4,yes,no,
Journal of Endocrinology and Metabolism,Q4,no,no,
Neuroendocrinology Letters,Q4,yes,no,
Acta Endocrinologica,Q4,yes,no,
Revista de Osteoporosis y Metabolismo Mineral,Q4,yes,yes,
Nutrire,Q4,no,no,
Obesity and Metabolism,Q4,yes,yes,
Clinical Diabetology,Q4,yes,yes,
Journal of Inborn Errors of Metabolism and Screening,Q4,yes,no,
Terapevticheskii Arkhiv,Q4,yes,yes,
Comparative Exercise Physiology,Q4,no,no,
Journal of Biological Regulators and Homeostatic Agents,Q4,no,no,
Immunopathologia Persa,Q4,no,no,
Journal of Diabetology,Q4,yes,yes,
Journal of Clinical and Translational Endocrinology: Case Reports,Q4,yes,no,
Arterial Hypertension,Q4,yes,yes,
Nutrition Clinique et Metabolisme,Q4,no,no,
Turk Osteoporoz Dergisi,Q4,yes,yes,
Chinese Journal of Endocrinology and Metabolism,Q4,no,no,
Clinical Osteology,Q4,no,no,
Chinese Journal of Diabetes Mellitus,Q4,no,no,
Journal fur Reproduktionsmedizin und Endokrinologie,Q4,yes,no,
Iranian Journal of Diabetes and Metabolism,Q4,no,no,
"Romanian Journal of Diabetes, Nutrition and Metabolic Diseases",Q4,yes,no,
Annals of Pancreatic Cancer,Q4,no,no,
Heart and Metabolism,Q4,no,no,
Journal of Diabetes Nursing,Q4,yes,no,
Journal of Clinical Hepatology,Q4,no,no,
Chinese Journal of Endocrine Surgery,Q4,no,no,
Diabetologie und Stoffwechsel,Q4,no,no,
Endocrinology Research and Practice,Q4,yes,yes,
Annals of Thyroid,Q4,no,no,
Iranian Journal of Nutrition Sciences and Food Technology,Q4,no,no,
Diabetologie Metabolismus Endokrinologie Vyziva,Q4,no,no,
Medecine de la Reproduction,Q4,no,no,
Permskij Medicinskij Zurnal,Q4,no,no,
Journal of Sexual and Mental Health,Q4,no,no,
Journal of the Japan Diabetes Society,Q4,no,no,
Revista de la Sociedad Argentina de Diabetes,Q4,yes,yes,
Reproductive Endocrinology,Q4,yes,no,
World Journal of Endocrine Surgery,Q4,no,no,
Actualizaciones en Osteologia,Q4,no,no,
Medecine des Maladies Metaboliques,Q4,no,no,
Diabetes Aktuell,Q4,no,no,
Iranian Journal of Endocrinology and Metabolism,Q4,no,no,
Clinical Review for General Practice,Q4,yes,yes,
Diabetologie,Q4,no,no,
Problemi Endokrinnoi Patologii,Q4,yes,no,
Journal of Parathyroid Disease,Q4,no,no,
Current Gynecologic Oncology,Q4,yes,no,
Gynakologische Endokrinologie,Q4,no,no,
Austrian Journal of Clinical Endocrinology and Metabolism,Q4,yes,no,
Journal fur Gynakologische Endokrinologie,Q4,yes,no,
Nigerian Journal of Nutritional Sciences,Q4,no,no,
Correspondances en MHND,Q4,no,no,
